यहोवा परमेश्‍वर ने शाऊल तारसी को एक “चुने हुए पात्र ” के तौर से इस्तेमाल किया ।	JEHOVAH GOD used Saul of Tarsus as a chosen vessel.
इसके पीछे क्या रहस्य है?	What is the secret behind this?
हमें एक-दो वर्षों तक उसे निगरानी में रखना होगा।	We must keep him under watch for a couple of years.
– 2 टीस्पून पुदीने के पत्ते (सूखे व क्रश किए हुए)	Fenugreek leaves (dried and crushed): 2 tbsp
संशोधित नागरिकता कानून के खिलाफ हजारों लोगों के सड़कों पर उतर जाने के बाद से असम पिछले कई दिनों से गुस्से की आग में जल रहा है.	Assam has been on the boil for the past several days as thousands of people have come out on the streets to protest against the amended Citizenship Act.
यसबैंक आरबीआई	RBI Yes Bank
2 हिंदू उत्तराधिकार अधिनियम में 2005 के संशोधन द्वारा ऐसा मौखिक विभाजन और कौटुंबिक समझौता, जो अधिनियमिति के पूर्व किया गया था, शून्य हो जाएगा ।	2 By the 2005 amendment in the Hindu Succession Act, oral partition and family arrangement which had been effected prior to the enactment would be set at naught.
पीड़िता के परिवार ने उन्नाव की दो पूर्व पुलिस अधीक्षकों नेहा पांडे और पुष्पांजलि देवी पर भाजपा विधायक और उनके सहयोगियों की मदद करने का आरोप लगाया था.	The survivors family had accused the two former superintendents of police of Unnao, Neha Pandey and Pushpanjali Devi, of helping the BJP MLA and his aides in the killing her father.
नोट 1: मार्च, 2018, अप्रैल, 2018 और मई, 2018 के आंकड़े अंतरिम हैं।	Note 1: Data for March, 2018, April, 2018 and May, 2018 are provisional
Most Read: Yamaha MT-15 को दिया KTM बाइक जैस लुक, देखे तस्वीरें	The Yamaha MT-15 is a popular offering in the Indian 150cc segment
साजिश तो नहीं?	Is it not a conspiracy?
लेकिन भाजपा सरकार किसके लिए रेड कार्पेट बिछाते हुए 76,000 करोड़ के लोन माफ कर रही है?	But for whom is the BJP government waiving loans worth 76,000 crore, while laying out the red carpet?
बीजेपी सरकार को इसी चुनाव में जनता सबक सिखाने के लिए तैयार है।	He said the people were in a mood to teach the BJP a lesson in this election.
मैं दिल्‍ली पहुंचने वाली हूं और जल्‍द से जल्‍द मथुरा आ रही हूं।	I am on my way to Delhi and will reach Mathura at the earliest.
भविष्य के लिए इसका प्रिंटआउट निकाल कर जरूर रख लें.	Save and take a print out for future use
इस दौरान लोगों को काफी अधिक दिक्कतों का सामना करना पड़ा।	Due to this people were facing many difficulties.
राज्य ने कहा कि सिफारिश की गई एमएसपी उत्पादन लागत के बराबर भी नहीं है	The state said that the MSP recommended was not even equal to the cost of cultivation
क़रीब चार हज़ार साल पहले, जब इब्राहीम की पत्नी सारा की मृत्यु हुई तब “इब्राहीम सारा के लिए रोने व शोक मनाने के लिए वहां गया । ”	Nearly four thousand years ago, when Abrahams wife Sarah died, Abraham came in to bewail Sarah and to weep over her.
मेरे पास इसे बयां करने के लिए शब्द नहीं है।	I have no words to describe that.
कोशिश ये है कि रोड, रेल, एयर और शिपिंग जैसे इंफ्रास्ट्रक्चर की आपस में कनेक्टिविटी भी बेहतर हो और इसमें जो Silos आते हैं, उनको भी दूर किया जा सके	Efforts are being made to improve connectivity between road, rail, air and shipping infrastructure and also to overcome the silos
वाणिज्‍य और उद्योग राज्‍य मंत्री श्री ज्‍योतिरादित्‍य एम.सिंधिया ने मर्कोसर के साथ मौजूदा पीटीए का विस्‍तार करके लैटिन अमरीका के साथ संबंध को मजबूत करने की जरूरत पर जोर दिया है।	Minister of State for Commerce and Industry, Shri Jyotiraditya M Scindia emphasized the need to deepen engagement with Latin America by expanding the existing PTA with MERCOSUR.
रवा - 1 बड़ा चम्मच	Butter - 1 tbsp
वाई-फाई कनेक्टिविटी की सुविधा भी इसमें मिलेगी।	It also has a WiFi connection.
पात्रता की शर्तें: संबंधित इंजीनियरिंग डिसीप्लीन में आवेदक के पास डिप्लोमा होना चाहिए।	Technician Apprentice: The applicant should possess Engineering diploma in relevant field
उन्होंने कहा कि यह बहुत मुश्किल समय था.	Its been a tough period, he said.
105 रन के साधारण लक्ष्य का पीछा करने उतरी टीम इंडिया ने रोहित शर्मा (63) की फिफ्टी और कप्तान विराट कोहली (33) की पारियों की बदौलत आसानी से यह लक्ष्य महज 14.5 ओवर में ही अपने नाम कर लिया।	The home team took just 14.5 overs to reach the paltry target, courtesy an unbeaten 99-run stand between Rohit Sharma (62 off 54) and captain Virat Kohli (33 off 29), following another low score from Shikhar Dhawan.
इससे पहले चर्चा थी कि इमरान खान की पीटीआई का टिकट मिलने से पहले वह रावलपिंडी के एक होटल में चाय बनाने का काम करते थे।	Khan had claimed to make tea at a hotel in Rawalpindi before he was given ticket by Imran Khan s party.
राहुल और तारिक अनवर	Rahul Dev and Aparna Tilak
दोनों कई बार एक दूसरे के साथ दिखाई देते है.	The two are often spotted with each other on several occasions.
इनके बारे में संक्षिप्त विवरण निचे दिया हुआ हैः	Brief profile of the IEMs are as under:
इसमें बड़ी तादाद में प्रैटो के लोगों और इटैलियन आर्म्ड फोर्सेज के जवानों के अलावा प्रैटो के मेयर, प्रेजिडेंट ऑफ पब्लिक असिस्टैंस एवं प्रीफेक्ट ने भाग लिया।	In addition to a sizeable presence from the community of Prato and the Italian Armed Forces, the ceremony was attended by the Mayor, President of Public Assistance and Prefect of Prato.
कैंसर से जंग लड़ रहे एक्टर ऋषि कपूर की तबीयत बिगड़ी, मुंबई के अस्पताल की ICU में भर्ती	Actor Rishi Kapoor hospitalised in Mumbai, brother says he has breathing problems
आम तौर पर जो दिया जा सकता है वह है हानि अथवा क्षति के लिए ऐसी क्षतिपूर्ति जिसे प्रत्यक्ष रूप से या सीधे संविदा भंग के लिए जिम्मेदार माना जा सकता है।	Normally, what can be awarded is compensation for loss or damage which can be directly or proximately attributed to the breach of contract
Formaldehyde और इसके adducts जीवित जीवों में सर्वव्यापी हैं।	Formaldehyde and its adducts are ubiquitous in living organisms.
वे कुछ नया होते हुए देखना चाहते हैं।	They want to hear whats new.
वहीं भारतीय जनता पार्टी (भाजपा), वाम दल और कांग्रेस इसका समर्थन कर रहे हैं।	Congress, the Bharatiya Janata Party and the Left have backed the Constitution (108th Amendment) Bill, while Samajwadi Party, Rashtria Janata Dal and Janata Dal-United have opposed it
यह कपिलकोट के ठीक बाद में स्थित है, यह भी अब एक जीर्ण-शीर्ण अवस्था में है।	Located next to it is the fort of Kapilkot, which also is in a dilapidated state now
और उनमें से बाज़ ऐसे हैं कि तुम्हारी ज़बानों की तरफ कान लगाए रहते हैं तो (क्या) वह तुम्हारी सुन लेगें हरगिज़ नहीं अगरचे वह कुछ समझ भी न सकते हो	And some of them give ear to thee. what, wilt thou make the deaf to hear, though they understand not?
इसके बाद वह होता है जिसके लिए समूची चरित्र और वातावरण सृष्टि की गयी थी।	After that the final stroke is dealt for which all this atmosphere was The Art of Balwant Singh being built up.
इन दो घटनाओ के चलते कंपनी को भांग करने का निर्णय लिया गया।	A decision to merge the two companies was taken.
1990 में विलंब शुल्क के 17 मामलों में से कम से कम 8 छात्र बाद में रुचिका की तुलना में उनकी फीस का भुगतान किया, लेकिन कोई कार्रवाई नहीं की उनके खिलाफ लिया गया था।	Of the 17 cases of late fees in 1990, at least 8 students paid their fees later than Ruchika did, but no action was taken against them.
सरकार के अधिकारियों का कहना है कि उन्हें इस तरह का कोई आदेश नहीं मिला है।	He said that no such order has been issued by the Government.
हालांकि चंद्र ग्रहण देखने से आंखों पर कोई बुरा असर नहीं होता।	However, seeing the lunar eclipse does not affect the eyes.
परमेश्‍वर से मिले कटनी के काम में मंज़ूरी पाने के लिए हम सबसे पहले अपनी सारी नैतिक और आध्यात्मिक गंदगी दूर करते हैं ।	Thus, to become workers in Gods harvest, we first eliminate all morally and spiritually defiling practices from our life.
कंपनी के एक वरिष्ठï अधिकारी ने कहा, 'बिक्री बढऩे के पीछे कई वजह हैं।	A senior Maruti Suzuki executive said: There were many reasons for an increase in sales
अधिकारियों के यह कहने पर भी कि उस रात को छोड़ने का हुक्म नहीं है, वे कुछ देर तक वहां ठहरे रहे।	They stayed on for a long time despite the jail authorities telling them that there would be no releases that night.
जब मुझे अपने सवालों के सही - सही जवाब मिल गए, तो इसका मेरी ज़िंदगी पर गहरा असर हुआ ।	From then on, I wanted to serve God and help others find these answers.
बुलहैड सिटी	Bullhead City
युवाओं के भविष्य को ध्यान में रखते हुए हरियाणा सिविल सेवा परीक्षा घोटाले की उच्च स्तरीय जांच पंजाब एवं हरियाणा हाईकोर्ट की देखरेख में होनी चाहिए।	Keeping in mind the future of the youth, we demand a high-level judicial inquiry into the HCS examination scam under the supervision of the Punjab and Haryana High Court to unravel the truth, he added.
इस सम्मेलन के दौरान डा. आंबेडकर पुणे के सिख समाज के भजन कीर्तन के कार्यक्रम में भी सम्मिलित हुए।	Ambedkar attended a Sikh hymn singing programme while he was in Pune.
इसे कोई नहीं बंद कर सकता है।	No one can stop that.
चर्वण दंत सरस खाद्य खाने योग्य होते हैं और घास, टहनी जेसे रूखे खाद्य खाने लायक नहीं होते।	Suitably dismembered chicks, rodents, or non-toxic frogs make good food if available.
योगेश सैनी के खिलाफ मुकदमा दर्ज है।	A case has been registered against Mr Joshi.
राष्ट्रीय जल पुरस्कार प्रदान करने के अलावा प्रधानमंत्री जल संरक्षण पर पुरस्कार विजेता बच्चों की पेंटिग भी जारी करेंगे।	A book on award winning children paintings on Water Conservation will also be released by the Prime Minister besides presentation of National Water Award.
इसे मेडिकल कॉलेज अस्पताल रेफर कर रहे हैं।	He is under treatment at the Medical College Hospital.
अप्रैल-मई 2015-16 की तुलना में अप्रैल-मई 2016-17 के दौरान	April-May 2016-17 vis--vis April-May 2015-16
उपभाषाविज्ञान भौगोलिक भाषाविज्ञान मनोभाषाविज्ञान	Upbhashavijran Geographic Linguistics
वॉन ने क्रिकबज से कहा, जब आप किसी मैदान पर अपनी तैयारियां करते हो तो यह मदद करता है।	Has to help when youve had your preparation time at a venue, been practising on the wickets, Vaughan told Cricbuzz.
पीएम मोदी भाषण के मुख्य अंश	Highlights of PM Modi's speech:
सभी 3,58,692 सक्रिय मामलों को या तो होम आइसोलेशन में या फिर गंभीर मामलों में अस्पतालों में चिकित्सा देखभाल उपलब्ध कराई जा रही है	Medical attention is being provided to all the 3,58,692 active cases, either in home isolation or in hospitals for severe cases.A central team has been deployed to Bihar to assist the State in assessment of COVID management in the state and to provide all necessary support
SBI Junior Associates main exam 2020: जूनियर एसोसिएट्स मेन परीक्षा स्थगित, यहां पढ़ें पूरी अपडेट	SBI Preliminary Exam 2020 to be held tomorrow, heres all you need to know
पड़ाव पुलिस को इसकी जानकारी दी गई जिसके बाद शव पेड़ से उतारा गया।	The police was informed which rushed to the spot and brought down the body from the tree.
फ्रेडिनेंडो वर्तमान में मोनास विश्वविद्यालय, ऑस्ट्रेलिया में समकालीन मंचीय व्यवहार के संबंध में श्रीलंका की सांस्कृतिक परंपरा पर शोध कर रहे हैं।	Ferdinandois currently researching Sri Lankan ritual traditions in relation to contemporary theatrical practice at Monash University, Australia.
वैश्विक संकेतों के चलते सेंसेक्स 350 अंक से ज्यादा चढ़ा	Sensex rallies over 350 points to hit record intra-day high
फिलहाल पुलिस उसके अन्य साथियों को हिरासत में लेकर पूछताछ कर रही है।	Police are now on the look-out for his accomplices.
उन्‍होंने कहा कि वर्ष 2013-14 के दौरान भारत से लेबनान को कुल मिलाकर 69.41 मिलियन अमेरिकी डॉलर मूल्‍य की कृषि वस्‍तुओं का निर्यात किया गया, जबकि इसी अवधि के दौरान लेबनान से यहां 0.47 मिलियन अमेरिकी डॉलर मूल्‍य की कृषि वस्‍तुओं का आयात किया गया।	He said that during the period 2013-14, Indias total export of agricultural commodities to Lebanon was US$ 69.41 million and during the same period agricultural import from Lebanon was US$ 0.47 million.
“धन को बरबाद करें तो आप केवल निर्धन होते हैं, लेकिन समय को बरबाद करते हैं तो आप जीवन का एक हिस्सा गंवा देते हैं. ”-मिशेल लेबोएफ	Waste your money and you 're only out of money, but waste your time and you' ve lost a part of your life. - Michael LeBoeuf
सलमान खान की फैन फॉलोइंग पाकिस्तान में भी अच्छी खासी है.	Salman Khan has a huge fan base in Pakistan.
डाक बीमा किस्त	Postal Insurance premium
पठुरा, अल्मोडा तहसील में भारत के उत्तराखण्ड राज्य के अन्तर्गत कुमाऊँ मण्डल के अल्मोड़ा जिले का एक गाँव है।	Almora is a district in the Kumaon division of Uttarakhand state, India.
ग्रामीण क्षेत्रों में डिजिटल इंडिया का लक्ष्य हासिल करने के लिए 54 हजार ग्रामीण महिला उद्यमी कठिन परिश्रम कर रही हैं।	54,000 women VLEs are working hard to achieve the goals of Digital India mission in rural areas.
दिल की धड़कन की गति 110 प्रति मिनट रहती है।	The rate of heart beat is 110 per minute.
वर्तमान रबी मौसम में राज्य सरकार ने 7.41 लाख टन खाद्यान्न, 3.36 हजार टन तिलहन, 27 हजार टन आलू और 5.20 लाख टन सब्जी उत्पादन का लक्ष्य निर्धारित किया है।	foodgrains, 3,300 tonnes of oilseeds, 27,000 tonnes of potato and 5.20 lakh tonnes of vegetables has been fixed for the current rabi season.
इस दिन माँ के चंद्रघंटा रुप की पूजा की जाती है।	Goddess Chandraghanta is worshipped on this day.
श्रृंखला का अंतिम मैच शाम ओल्ड ट्रैफर्ड में शुरू होगा।	The final game will commence later in the day at Old Trafford.
पेयजल और स्वच्छता विभाग के सचिव श्री परमेश्वरन अय्यर ने कहा कि जल शक्ति अभियान ने भूजल स्तर, सतही जल भंडारण क्षमता, कृषि भूमि में मिट्टी की नमी में वृद्धि और पेड़-पौधों को बढ़ाया है	Shri Parameswaran Iyer, Secretary, DDWS, shared that the JSA has led to an increase in groundwater level, surface water storage capacity, soil moisture in farm lands and increased plant cover.The JSA is a collaborative effort of various Ministries of the Centre and State Governments, and is primarily a Jal Sanchay campaign, which has gained phenomenal momentum in this past one month.
जबकि मृतकों के शवों को पोस्टमार्टम के लिए भेज दिया है।	Meanwhile, the body of the deceased people has been sent for post mortem.
यह एक द्वीपीय देश है, यह ब्रिटिश द्वीप समूह में फैला है जिसमें ग्रेट ब्रिटेन, आयरलैंड का पूर्वोत्तर भाग और कई छोटे द्वीप शामिल हैं।	The United Kingdom includes the island of Great Britain, the north-eastern part of the island of Ireland, and many smaller islands within the British Isles.
वाशिंगटन: भारतवंशी सांसद ने कैलिफोर्निया में महात्मा गांधी की प्रतिमा को तोड़े जाने के मामले की जांच संघीय जांच ब्यूरो (एफबीआई) से कराने की मांग की है।	Indian-American Congressmen seek FBI investigation into the desecration of a Mahatma Gandhi statue in California.
अमेरिका में गत हफ्ते रोजाना औसतन एक लाख 66 हजार 272 नए मामले पाए गए।	New cases in the US are running at over 2,16,000 per day on average.
ग्रुप के फेसबुक पोस्‍ट में भारतीय राजनेताओं और सेलेब्रिटीज सहित कई लोगों की तस्‍वीर का इस्‍तेमाल किया गया है, जिसमें उनके चेहरों पर चोट के निशान दिख रहे हैं।	The groups posts on Facebook feature photoshopped images of Indian politicians and celebrities --- with injury marks on their faces.
घटना से किसी को कोई लेना-देना नहीं है.	It has no connection with the incident.
अगर कांग्रेस छत्तीसगढ़ के वोटरों को याद दिलाये कि नक्सल आतंकवादियों ने वहां उसके पूरे नेतृत्व का सफाया कर दिया था, कि उसके प्रधानमंत्री मनमोहन सिंह ने हथियारबंद माओवाद को भारत की आंतरिक सुरक्षा के लिए सबसे बड़ा खतरा कहा था, तो इससे बुद्धिजीवी तबके और शासक वर्ग के, जिसके समर्थन की वह उम्मीद रखता है, आला टीकाकारों को कोफ्त होगी.	If it reminds the voters of Chhattisgarh, where its entire leadership in the state was wiped out by Naxal terrorists, and that its prime minister Dr Manmohan Singh had called armed Maoism the greatest internal security threat to India, it will annoy the intellectual, ruling elites commentariat, whose support it covets.
एक्वेरियम को कभी भी शयनकक्ष या रसोईघर में नहीं रखना चाहिए.	Should never be placed in the toilet or bedroom.
किसी ऐसे दस्तावेज का, जिसका सरकार के रासायनिक परीक्षक या सहायक रासायनिक परीक्षक के हस्ताक्षर के अधीन किसी ऐसी विषय-वस्तु या चीज पर, जो उसे परीक्षा या विश्लेषण के लिए सम्यक रूप से प्रस्तुत की गई हो, रिपोर्ट होना तात्पर्यित हो और जो इस अधिनियम के अधीन किसी कार्यवाही के अनुक्रम में रिपोर्ट हो, इस अधिनियम के अधीन किसी मृत्यु समीक्षा में औरदंड प्रक्रिया संहिता के अधीन किसी पश्चात्वर्ती जांच, विचारण या अन्य कार्यवाही में साक्ष्य के रूप में उपयोग किया जा सकेगा ।	( 2) Any document purporting to be a report under the hand of any Chemical Examiner or Assistant Chemical Examiner to Government upon any matter or thing duly submitted to him for examination, or analysis and report in the course of any proceeding under this Act, may be used as evidence in any inquest under this Act and in any subsequent inquiry, trial or other proceeding under the Code of Criminal Procedure, 1973.
इससे बड़ी - बड़ी आशीषें मिलने का रास्ता खुल गया ।	How, then, can we show that we value that deliverance? How Can You Show That You Value Deliverance?
शुक्रवार को टेक्सास में खराब मौसम का दूसरा दिन था, जबकि मध्य टेक्सास में बाढ़ के पानी में कम से कम चार लोगों की मौत हो गई।	It was the second day of turbulent weather in Texas, where at least four people died Friday in flood waters in central Texas.
फिर जो जो करतूतें उनकी थी उसकी सज़ा में बुरे नतीजे उनको मिले और जिस (अज़ाब) की वह हँसी उड़ाया करते थे उसने उन्हें (चारो तरफ से) घेर लिया	So the evils of what they had earned visited them, and they were besieged by what they used to deride.
वह इस दिशा में प्रयास भी कर रही है।	He is working in this direction.
( ख) इस बारे में यहोवा ने क्या कहा?	( b) How did Jehovah make his feelings known?
उन्हें तोहफे दिए जाते हैं.	They are being rewarded.
यह एक ऐसी परम्परा है जिसमे वेदो को पत्रो पर लिख्ने कि बजाय याद करके सदियो तक सुरक्षित रखा जात था।	How the i came into the picture instead of ai remains to be settled.
मध्यम व्याकरणम् इसी पद्धति से उन्होंने दूसरी पुस्तक मध्यम व्याकरणम् की रचना 1907 में माध्यमिक स्तर के विद्यार्थियों के लिए की।	In the same pattern another book entitled Madhyama Vyakaranam was prepared in 1907 for the use of middle school students.
15 1978 के नियमों और साथ ही खाद्य सुरक्षा और मानक विनियम, 2011 को ध्यानपूर्वक देखने पर यह पाया गया है कि इन विधियों में विहित प्रक्रियाएं और मानक समाधानप्रद हैं|एक बार यदि समुचित प्राधिकारी इन नियमों और विनियमों के कठोरत: अनुपालन को सुनिश्चित कर लेताहै, तो उद्देश्य की पूर्ति हो जाएगी ।	15 On perusal of the 1978 Rules, as well as the FSS Regulations, 2011, it is found that the procedures and standards prescribed in these laws are satisfactory.
जाम लगने से सैंकड़ो वाहनों की कतारें लग गईं।	It left hundreds of vehicles stranded on the road.
संग्रहालय में डॉ. अम्बेडकर पर लघु फिल्म प्रदर्शित करने के लिए एलईडी वॉल हैं	The museum has LED walls for screening short films on Dr.Ambedkar
इन 91 जलाशयों की कुल संग्रहण क्षमता 161.993 बीसीएम है, जो देश की अनुमानित कुल जल संग्रहण क्षमता 257.812 बीसीएम का लगभग 63 प्रतिशत है	The water storage available in 91 major reservoirs of the country for the week ending on November 30, 2017was98.578BCMwhichis62%oftotal storage capacity of these reservoirs
"""एक महान बल्लेबाज के रूप में विराट के सम्मान के साथ, मुझे यकीन है कि हमारे आगामी सुपरस्टार तेज गेंदबाज नसीम शाह वास्तविक गति और स्विंग के साथ हैं, विराट कभी भी उनके शिकार होंगे!"	With due respect to Virat as a great batsman I am sure our upcoming superstar fast bowler Naseem Shah with genuine pace and swing, Virat will be his bunny anytime!
केदार जाधव भी कुछ ऐसा करते हैं।	Kedar Jadhav also scored a fifty.
राहुल गांधी ने ट्वीट में लिखा कि, 'दलितों को भारतीय समाज के सबसे निचले पायदान पर रखना आरएसएस और भाजपा के डीएनए में है।	"Congress Rahul Gandhi tweeted,""Keeping Dalits at the bottom of the society is in the RSS/BJP's DNA"
रिजल्ट्स आपको दिख ही जाएंगे।	You will see the results.
बुलंदशहर इज्तेमा के समय अनेक भड़काऊ बातें और गड़बड़ियां सामने आईं – पर एक भी मुसलमान ने पुलिस से शिकायत तक नहीं की.	The Bulandshahr ijetma saw a number of provocations and disturbances but not a single Muslim even complained to the police.
उसके बाद कोर्ट ने बैन लगाया था.	Following this the court had discharged him.
चीनी रक्षा मंत्रालय की वेबसाइट पर पोस्ट किए गए उनके बयान के अंशों के अनुसार सीमावर्ती क्षेत्रों में स्थिति सामान्य तौर पर स्थिर है।	The situation in the border areas is generally stable, he said, according to a transcript posted on the Chinese Defence Ministry website.
पीडीपी कर रही है ।	PDP is doing it.
उन्होंने किताबी ज्ञान के क्षेत्र से बाहर निकलकर सर सी.वी. रमण को नियुक्त किया जो कलकत्ता टकसाल में कर्मचारी थे। इस प्रकार सर आशुतोष ने दृढ़ आत्मविश्वास तथा जोखिम उठाने की योग्यता दर्शाई, जिन गुणों का अनुकरण हमारे आज के कुलपतियों द्वारा किया जाना चाहिए।	He went beyond the realms of academics and recruited Sir C.V. Raman who was an employee of the Calcutta Mint. Sir Ashutosh, thus demonstrated courage of conviction and an ability to take risks - a quality worthy of emulation by our Vice-Chancellors of today.
यह संसार के प्रत्येक स्थान केलिए मानक समय है जिसे पहले और अभी भी व्यापक रूप से ग्रीनविच मीन टाइम (जीएमटी) कहा जाता है।	It is the standard time common to every place in the world which is formerly and still widely called Greenwich Mean Time (GMT)
कंपनी ने वित्त वर्ष 2009-10 के पहले 9 महीने में 17.40 करोड़ रुपये की थर्ड पार्टी फ ीस आधारित आय हासिल की।	It earned a third-party fee-based income of Rs 17.40 crore in the first nine months of the financial year 2009-10
सरकारी सहयोग की दरकार	Need for government support
शुरूआत में प्रति छात्रा पर 750 रुपये खर्च होता है।	The monthly education expense per student is Rs 750 on an average.
उड़ान के इंतजार में न्यूजर्सी के नेवार्क लिबर्टी अंतरराष्ट्रीय एयरपोर्ट पर विमान के अंदर बैठे कई यात्रियों को फोन के जरिए इस आतंकी हमले की खबर लग चुकी थी।	By that time three of the four attacks had taken place and many passengers sitting inside the aircraft at the Newark Liberty International Airport in New Jersey, had received news of the terror attack via phone.
ब्यूनस आयर्स में चल रह यूथ ओलंपिक में भारत को पहली बार गोल्ड मेडल हासिल हुआ है।	She won her first Gold Medal for India at the Olympics for weightlifting.
देश के पूर्व रक्षा मंत्री जसवंत सिंह(Jaswant Singh) का आज निधन हो गया है।	Former Union Minister Jaswant Singh passed away on Sunday after a prolonged illness
पाकुड़ शहद: झारखंड के पाकुड़ जिले के संथाल आदिवासी समुदाय ने व्यावसायिक रूप से मधुमक्खी पालन की संभावनाएं तलाशकर एक मिसाल कायम की है	Pakur Honey:The tribal Santhal community of Pakur District, Jharkhand have set an example by exploring the potential of beekeeping commercially
बीजेपी के टिकट पर पहलवान योगेश्वर दत्त को बड़ौदा और पहलवान बबीता फोगाट को दादरी सीट से हार का सामना करना पड़ा।	Wrestlers Babita Phogat and Yogeshwar Dutt, who also ran on the BJP ticket, lost the polls.
यह फिल्म 15 फरवरी 2019 को रिलीज हुई है।	The film is scheduled for a release on August 15, 2019.
स्मार्ट क्लास और आईसीटी सेगमेंट्स को मिलाकर स्कूल लर्निंग सॉल्यूशंस (एसएलएस) नाम का एक नया सेगमेंट शुरू किया है।	The Smart Class and ICT business segments have been merged into a single segment called School Learning Solutions (SLS)
"मैनुएल डे लेंडा () ने इस बात पर ध्यान दिया है की ""स्मार्ट मिसाइल"" और कृत्रिम धारणा से सुसज्जित स्वायत्त बम को रोबोट माना जा सकता है और वे अपने कुछ निर्णय स्वतंत्रता से स्वयं ही ले सकते हैं"	"Manuel De Landa has noted that ""smart missiles"" and autonomous bombs equipped with artificial perception can be considered robots, as they make some of their decisions autonomously."
परमेश्‍वर उनका आदर करता है जो उसके वफादार रहते हैं और उसके मार्गदर्शन पर चलते हैं ।	God honors those loyal to him and his ways.
1956 में इस संस्थान की भव्य मुख्य इमारत की आधारशिला रखते हुए और इसके प्रथम दीक्षांत समारोह को सम्बोधित करते हुए प्रधानमंत्री जवाहर लाल नेहरू ने जो कहा था, मैं उसे उद्धृत करना चाहता हूं ‘‘......यहां हिजली बंदी शिविर वाले स्थल पर वर्तमान भारत का उत्कृष्ट स्मारक मौजूद है जो भारत की इच्छाओं, भारत के उभरते भविष्य का प्रतिनिधित्व कर रहा है।	While laying the foundation stone of the majestic main building and addressing the first Convocation of the Institute in 1956, Prime Minister Jawaharlal Nehru said and I quote Here in the place of that Hijli Detention Camp stands this fine monument of India today representing Indias urges, Indias future in the making.
’’ हालांकि, कांग्रेस के पास जरूरी संख्या नहीं होने से लोकसभा में विपक्ष का नेता नहीं है।	The Congress, however, does not have a leader of Opposition in the lok Sabha, as it does not have the minimum required numbers.
फीचर फिल्म ज्यूरी ने भारतीय पैनोरमा 2018 की ओपनिंग फीचर फिल्म के रूप में शाजी एन करूण निर्देशित फिल्म ओलू का चयन किया है	The feature film jury selected the film OLU directed by Shaji N Karun as the opening feature film of Indian Panorama 2018
भारतीय कप्तान विराट कोहली ब्रेक से पहले न्यूजीलैंड के खिलाफ सोमवार को यहां होने वाले तीसरे एकदिवसीय अंतर्राष्ट्रीय मैच में जीत के साथ 5 मैचों की श्रृंखला में विजयी बढ़त हासिल करने के इरादे से उतरेंगे।	India captain Virat Kohli will be aiming to seal the five-match series when his team takes on a confused New Zealand in the third ODI here on Monday.
दिल्ली की पूर्व मुख्यमंत्री शीला दीक्षित का यह बयान कांग्रेस सरकार में मंत्री रहे अरविंदर सिंह लवली के भाजपा में शामिल होने पर आया.	Arvinder Singh Lovely, a key minister in the erstwhile Sheila Dikshit government in Delhi, had joined the BJP along with Delhi Youth Congress chief Amit Malik.
राहुल के वायनाड एमपी ऑफिस ने ट्वीट किया, “वायनाड के सांसद राहुल गांधी ने प्रधानमंत्री मोदी से बात कर राज्य में बाढ़ और भूस्खलन से गंभीर रूप से प्रभावित लोगों, खासकर वायनाड के लिए हर संभव सहायता की मांग की है.	"""Wayanad MP Rahul GandhiA spoke to the Prime Minister seeking all possible assistance for the people severely affected by the floods and landslides in the state, especially in Wayanad."
पण्य चिह्न, व्यापार चिह्न	merchandise mark
राज्य विधानसभा में सपा और विपक्ष के नेता रामगोविंद चौधरी ने कहा कि प्रदेश में जंगलराज व्याप्त हो रहा है और प्रदेश में बढ़ती आपराधिक घटनाओं को देखते हुए कानून-व्यवस्था के मुद्दे को सदन में उठाया जायेगा. उन्होंने हाल में प्रदेश में घटी कई घटनाओं का जिक्र करते हुए कहा कि प्रदेश में बेटियां असुरक्षित हैं. इस मौके पर सपा के विधान परिषद सदस्य आनंद भदौरिया ने कहा कि उत्तर प्रदेश में जंगलराज चल रहा है. किसान परेशान है. किसानों को गन्ने का सही मूल्य नहीं मिल पा रहा है.	SP leader Ram Govind Chaudhary, who is also the leader of opposition in the state Assembly, assailing the government said, there has been jungle raj in the state and linked the killing of Saroj with the suicide of Rohith Vemula in Andhra Pradesh and caste clashes in Saharanpur, which took place between dalits and Thakurs.
श्रीमती वसुंधरा राजे सिंधिया नें कहा कि विधायी निकायों को एक परिवार की तरह काम करना चाहिए जहां तमाम बहसों के बाद भी सदस्यों के बीच आपस में एक दूसरे के प्रति सम्मान का भाव होना चाहिए।	Smt. Vasundhara Raje had stated that a legislative body should work like a family where despite of strong debate there must be mutual respect among the fellow Members.
मेरा मकसद पूरा हो चुका है।	My objective has been met.
मूल और वर्तमान में प्रभावी छवि एक विकृत, परपीड़क विनोदप्रियता के साथ अत्यधिक बुद्धिमान और मनोरोगी आपराधिक प्रतिभा की है।	The original, dominant image is that of an extreme psychopath, with genius-level intelligence and a warped, sadistic sense of humor.
बच्‍चों के स्‍वास्‍थ्‍य को लेकर चिंता बढ़ सकती है।	The health of children might be a cause for concern.
1/4 चम्मच हिंग	1/4 teaspoon asafoetida powder
"और ईर्ष्यालु की बुराई से, जब वह ईर्ष्या करे। """	from the evil of the envier when he envies'
डाटाबेस त्रुटि। क्या जगह खतम हैं?	Database error. Out of space?
( ख) किन बातों पर मनन करने से हम संयम का गुण ज़्यादा - से - ज़्यादा बढ़ा सकेंगे?	( b) Meditating on what will help us to exercise greater self - control?
कार्यक्रम शुरू होने का समय शाम साढ़े पांच बजे रखा गया था लेकिन देर यह शाम सात बजे ही शुरू हो पाया।	The event was scheduled for 6 pm but began more than an hour late.
इस अधिनियम के सुसंगत उपबंध में विनिर्दिष्ट दर का दो गुना. या	at twice the rate specified in the relevant provision of this Act. or
राहुल का आरोप: प्रधानमंत्री मोदी ने ‘भारत माता का एक टुकड़ा’ चीन को दिया	PM Modi has given away Indian territory to China, alleges Rahul Gandhi
इस तापमान (temperature) के ऊपर, एक अर्धचालक (semiconductor) अनिवार्य रूप से एक आंतरिक तापमान (intrinsic temperature) के रूप में व्यवहार करता है।	Above this temperature, a semiconductor essentially behaves as an intrinsic temperature.
ऐसे तो बात बनती नहीं है.	Such is not the case.
मैं आदमी समाप्त कर रहा हूँ।	I'm finished, man.
इस खबर ने मीडिया में हंगामा मचा दिया.	This news is viral on media .
बाबरी मस्जिद को गिराए जाने के मुक़दमों की लखनऊ की विशेष सीबीआई अदालत में सुनवाई चल रही है.	A separate trial in the Babri mosque demolition case is continuing in a special court in Lucknow.
भाजपा ने जो भी वचन दिया है, हर वचन पूरा करेंगे।	"The BJP government will implement whatever promises we have made."""
Lenovo A6600 Plus: इसमें 5 इंच की डिस्प्ले दी गई है।	The A6600 series smartphones sport a 5-inch HD screen.
उसे बनाने के लिए एशिया से कुछ आदमी आए थे ।	Our Christian brothers in the historical seaport city of Turku, Finland, were, and their alertness led to fine results.
प्रमुख मुद्दों पर खान मंत्रियों की बैठक गोवा में हुई	Meeting of Mining Ministers on key issues held in Goa
उन्होंने कहा कि विपक्षी दलों के कार्यों से पता चलता है कि वे अपने राजनीतिक अस्तित्व को बचाने के लिए इस तरह के हथकंडे अपना रहे हैं।	He said, the actions of the opposition parties reflect their dire attempts to save their existence.
और (ऐ रसूल) हमने तो तुमसे पहले जब कभी कोई रसूल और नबी भेजा तो ये ज़रूर हुआ कि जिस वक्त उसने (तबलीग़े एहकाम की) आरज़ू की तो शैतान ने उसकी आरज़ू में (लोंगों को बहका कर) ख़लल डाल दिया फिर जो वस वसा शैतान डालता है खुदा उसे बेट देता है फिर अपने एहकाम को मज़बूत करता है और खुदा तो बड़ा वाक़िफकार दाना है	Never did We send a Messenger or a Prophet before you (O Muhammad), but that whenever he had a desire, Satan interfered with that desire. Allah eradicates the interference of Satan and strengthens His Signs. Allah is All - Knowing, All - Wise.
सांख्यिकी एवं कार्यक्रम क्रियान्वयन मंत्रालय न सिर्फ आयोग के लिए सम्मान रखता है बल्कि उसके सुझावों को भी तरजीह देता है और उन पर उचित कदम उठाता है।	The Ministry of Statistics and Program Implementation not only places a high regard for the Commission but also values its advice and on which appropriate action is taken, the government said.
जिलाधिकारी ने ली बैठक	The district magistrate held the meeting
1895 में, कोलकाता विश्वविद्यालय में प्रवेश के कुछ समय पहले अन्तिम लड़ाई के बाद बाघा जतीन।	1895 shortly before joining the University of Calcutta.
इनमें से 155 ग्राम पंचायतों में वाई-फाई सुविधा उपलब्ध हो गई है।	Wi-Fi facility has been provided to 155 of these Gram Panchayats.
दिव्यांग व्यक्तियों को बढिय़ा तरीके से अपना जीवन जीने के लिए समर्थ बनाने के लिए अपनी सरकार की वचनबद्धता को दोहराते हुए मुख्यमंत्री ने मुख्यसचिव को कहा कि वह नियमित तौर पर इस सम्बन्धी प्रगति पर निगरानी रखें जिससे यह लक्ष्य निर्धारित समय में पूरा किया जा सके।	Reiterating his governments firm commitment to enable the disabled persons to lead a life of dignity, the Chief Minister also asked the Chief Secretary to monitor the progress in this regard regularly so as to accomplish this task in a fixed time
वह घबराकर बोला, ‘देवी!	He wailed, Oh God!
श्रीनगर, (जम्मू और कश्मीर) में 325.36 करोड़ रुपये की परियोजना की लागत से एक निफ्ट परिसर पर खोला गया	A NIFT campus at Srinagar (J&K) opened at a project cost of Rs.325.36 crore
बच्चों को पर्यावरण संरक्षण सिखाया जाता है.	Now children are taught to protect the environment.
सूत्रों के अनुसार, कांग्रेस अध्यक्ष सोनिया गांधी ने बैठक में इसका ऐलान किया।	According to sources, Congress President Sonia Gandhi is believed to have attended the meeting.
बीजेपी कांग्रेस की विशेषताओं को अपना कर उसे खत्म करने की कोशिश कर रही है।	The BJP is trying to finish the Congress by imbibing the qualities of that party.
इस मामले में डेरा सच्चा सौदा प्रमुख गुरमीत राम रहीम मुख्य आरोपी है.	Dera Sacha Sauda chief Gurmeet Ram Rahim Singh is one of the accused in the case.
वजह अनुच्छेद 370 है.	The reason being article 370.
इस चांद पर कई बार भेजा है.	by this moon now several times.
टीवी सीरियल 'ये हैं मोहब्बतें' की इशिता भल्ला उर्फ दिव्यंका त्रिपाठी पिछले साल जुलाई में एक भव्य समारोह में टीवी एक्टर विवेक दहिया के साथ शादी के बंधन में बंध गईं थीं।	Divyanka Tripathi aka Ishita Bhalla of Yeh Hai Mohabbatein tied the knot with her co-actor Vivek Dahiya in a dreamy ceremony last year in July.
हंसमुख अधिया वित्त मंत्रालय में सेवा देने वाले गुजरात कैडर अधिकारियों में सबसे वरिष्ठ हैं.	Hasmukh Adhia is the senior-most of the Gujarat cadre officers serving in the finance ministry.
9 साल की बच्ची से दुष्कर्म का प्रयास	Man held for trying to rape five-year-old
'बीबीसी' की एक रिपोर्ट के मुताबिक, स्थानीय अधिकारियों ने बताया है कि आतंकवादियों ने नागरिकों के घरों व कस्बे में स्थित एक मस्जिद पर हमला किया।	The Islamist militants attacked civilians in their homes and in the town's mosque, local officials said, setting many buildings on fire, BBC reported
राजग का संसद परिसर में धरना	NDA protest rocks Parliament
लेकिन सबसे खराब बात जो वेदना देती थी वो थी जो वे इन बच्चों को कहते थे .	But the worst part, the part that really hurt the most, was what these bullies would say to these kids.
न्यूयॉर्क टाइम्स ने प्रधानमंत्री मोदी की योगी आदित्यनाथ को उत्तर प्रदेश का मुख्यमंत्री बनाने पर आलोचना की है.	The American newspaper New York Times has described UP Chief Minister Yogi Adityanath as a Hindu terrorist.
केवल इतना करो कि तुम्हारा चाल- चलन मसीह के सुसमाचार के योग्य हो कि चाहे मैं आकर तुम्हें देखूं, चाहे न भी आऊं, तुम्हारे विषय में यह सुनूं, कि तुम एक ही आत्मा में स्थिर हो, और एक चित्त होकर सुसमाचार के विश्वास के लिये परिश्रम करते रहते हो।	Only let your way of life be worthy of the Good News of Christ, that, whether I come and see you or am absent, I may hear of your state, that you stand firm in one spirit, with one soul striving for the faith of the Good News.
आम आदमी पार्टी 20 सीटों पर काबिज हो गयी।	The Aam Aadmi Party came a far second with 20 seats.
एनएसजी की टीम ने इन दोनों ही स्‍थानों का पहले दौरा कर लिया है और अपनी रिपोर्ट पेश कर दी है।	The NSG team had already visited both the sites and submitted its report.
"यहां तक ​​कि स्कूल में शतक बनाना भी एक आश्चर्यजनक बात है, ""वकार ने द ग्रेटेस्ट राइवलरी पॉडकास्ट पर कहा।"	Even scoring a century at school is an amazing thing, Waqar said on The Greatest Rivalry podcast.
उन्होंने यह भी कहा कि सरकार ने टेक्निकल टेक्सटाइल मिशन को मंजूरी दी है जिसमें जूट जियो-टेक्सटाइल्स (जेजीटी) शामिल है।	She also said the government has approved a Technical Textiles Mission which includes Jute Geo-Textiles (JGT).
संसद या किसी राज्य के विधान-मंडल द्वारा पारित सभी अधिनियमों के और राष्ट्रपति या किसी राज्य के राज्यपाल द्वारा प्रख्यापित सभी अध्यादेशों के ,	Of all Acts passed by Parliament or the Legislature of a State and of all Ordinances promulgated by the President or the Governor of a State,
क्या वहां किसी प्रकार के दंगे की संभावना थी?	Was there any possibility of any kind of riot there?
फगवाड़ा जिले में खेड़ा रोड के पास ट्रैक्टर-ट्रॉली से कुचल कर 14 वर्षीय किशोरी की मौत हो गयी।	A 14-year-old girl was killed after she was hit by a speeding tractor-trailer near the Khera road here on Sunday.
1990 के दशक में उद्योग ने असंख्य इन-हाउस मॉडलों का निर्माण किया, जिसने न केवल उसकी क्षमताओं का प्रदर्शन किया, बल्कि उसके विकसित होने का संकेत भी दिया, जो दशकों से देश की बुनियादी सुविधाओं में भारी निवेश की बदौलत संभव हो सका।	In the 1990s, the industry manufactured numerous in-house models, demonstrating not only its capabilities, and signaling its coming of age thanks to the heavy investment to infrastructure in the country over the decades.
यह ऑस्ट्रेलिया का 900 वें वनडे मैच था।	This was Australia's 900th ODI match.
ढीले रखे हुए धनुष्यों से इन्हें मार दिया जाता था, ताकि आग न बुझ जाए, और उस पर पानी डालने के परिणामस्वरूप आग मात्र और भी तीव्र बन जाती थी ।	They were shot from slack bows to avoid putting out the fire, and dowsing them with water only increased the intensity of the flame.
और तुम्हारे साथ मैं भी एक गवाह हूं फिर उसके बाद जो शख्स (अपने क़ौल से) मुंह फेरे तो वही लोग बदचलन हैं	Then whosoever turns his back after that - - they are the ungodly.
स्वच्छ भारत मिशन की अंतर-मंत्रिमंडलीय बैठक बुलाई गई	Inter-Ministerial meeting on Swachh Bharat Mission convened
स्कॉटलैंड में 11,282 व्यक्तियों के एक अध्ययन में जो, 1950 और 1960 के दशक में 7, 9 और 11 वर्ष की उम्र के बच्चों की बुद्धि परीक्षण पर आधारित है, में पाया गया कि बचपन के IQ अंक और अस्पताल में दाखिल किये गये चोटिल वयस्कों के IQ अंकों के बीच 'उलटी रैखिक संगति' है।	"A study of 11,282 individuals in Scotland who took intelligence tests at ages 7, 9 and 11 in the 1950s and 1960s, found an ""inverse linear association"" between childhood intelligence and hospital admissions for injuries in adulthood."
स्टूडेंट्स को इस फैसले का बहुत फायदा होगा।	The students welcomed the decision.
क्या इन तरीकों का इस्तेमाल करके साक्षी अपना ‘ उजियाला चमका ’ सके हैं? — मत्ती 5: 16.	Have Jehovahs Witnesses been able to let their light shine in other ways? Matthew 5: 16.
यह मेरे लिए अपनी रेल पटरियों, रेलगाड़ियों, विनाश और मौत के साथ ऑशविट्ज़ एकाग्रता शिविर की मेरी यादों को वापस ले आया।	"This brought back to me vivid memories of my visit to Auschwitz concentration camp, with its rail tracks, trains, destruction and death""."
एजेंसी ने साथ ही आईडीबीआई बैंक के 15 मौजूदा और पूर्व शीर्ष अधिकारियों के खिलाफ भी मामला दर्ज किया है।	The agency also booked 15 senior executives, current and former, of IDBI Bank
इसके तहत यह आईओएस यूजर्स के लिए भी उपलब्‍ध होगा।	This feature will be available for iOS users as well.
इसके अलावा द्वि सी प्लस di बार।	Plus bi times c plus di.
’’ उन्होंने कहा, ‘‘मुद्दे पर भ्रमित नहीं हों।	Lets not confuse the issue.
यह वार्प चार्ज 30 चार्जिंग टेक्नोलॉजी के साथ आया है।	It includes OnePlus' new Warp Charge 30 fast charging technology
